message,response
*hello*, Hi there! I have a broad knowledge of science, technology, blockchain, AI, and LLMs. If you're looking for in-depth technical insights, models like GPT-4 or Claude are great choices.
*hi*, Hello! I can help answer questions on various topics, from science to AI. If you need detailed explanations, GPT-4 or PaLM might be the best LLMs to use.
*hey*, Hey! I specialize in answering queries about AI, LLMs, and emerging technologies. Depending on your needs, GPT-4 and Claude excel at detailed responses.
*good morning*, Good morning! I'm here to provide insights on AI, blockchain, and more. For complex reasoning, GPT-4 is a top choice.
*good afternoon*, Good afternoon! I can assist with science, technology, and AI. For coding and research, models like GPT-4 or Gemini are highly recommended.
*good evening*, Good evening! Whether youâ€™re curious about LLMs or technology trends, GPT-4 and Claude are solid choices.
*science*, Let's explore the world of science. For scientific research, Perplexity AI and GPT-4 provide well-structured information.
*technology*, Technology is evolving rapidly. If you need up-to-date trends, GPT-4 and Bard are great LLMs to explore.
*blockchain*, Blockchain is revolutionizing industries. LLMs like GPT-4 and Bard can provide deep insights on smart contracts and decentralization.
*ai*, AI is transforming the way we live and work. If you need an LLM recommendation, GPT-4 and Claude offer advanced AI insights.
*llm*, Large language models are advancing quickly. For comparing LLMs, you might use GPT-4, Llama, or Mistral for different perspectives.
*physics*, Physics helps us understand the universe. For academic-level physics, GPT-4 and Wolfram Alpha work well together.
*chemistry*, Chemistry explains how substances interact. GPT-4 with scientific plugins can provide the best explanations.
*biology*, Biology explores living organisms and their functions. LLMs like GPT-4 and Claude are useful for general and advanced topics.
*computer science*, Computer science drives modern innovation. If you're coding, GPT-4 and Codex are the best choices.
*data science*, Data science uncovers patterns in information. For statistical analysis, GPT-4, Claude, and specialized ML models work well.
*machine learning*, Machine learning improves systems automatically. GPT-4 and Bard can guide you through ML concepts.
*deep learning*, Deep learning powers advanced AI applications. GPT-4 and Gemini are strong for deep learning discussions.
*neural networks*, Neural networks mimic the human brain. GPT-4 and Llama can provide explanations and code examples.
*cryptography*, Cryptography secures digital communication. For encryption concepts, GPT-4 and specialized security LLMs are ideal.
*cybersecurity*, Cybersecurity protects digital assets. GPT-4 and Bard offer insights, but dedicated security LLMs may be better.
*quantum computing*, Quantum computing promises breakthroughs. GPT-4 and Perplexity AI help with complex quantum mechanics.
*robotics*, Robotics automates and enhances tasks. GPT-4 and Claude are useful for technical and research-based discussions.
*autonomous systems*, Autonomous systems operate independently. GPT-4 and Bard can explain AI-driven autonomy.
*big data*, Big data helps in decision-making. GPT-4 and Claude handle data-driven discussions well.
*cloud computing*, Cloud computing enables scalable resources. GPT-4 and Bard are useful for cloud-related insights.
*distributed systems*, Distributed systems improve efficiency. GPT-4 is a good resource for distributed computing concepts.
*natural language processing*, NLP enables machines to understand text. GPT-4 and Llama are the best LLMs for NLP-related questions.
*image recognition*, Image recognition identifies patterns in visuals. GPT-4 and Gemini are good for vision-related AI topics.
*speech recognition*, Speech recognition converts audio to text. GPT-4 and Whisper AI are great for speech-to-text applications.
*tokenization*, Tokenization is key in NLP and blockchain. GPT-4 and specialized tokenization models provide detailed explanations.
*smart contracts*, Smart contracts automate agreements. GPT-4 and Bard are best for Ethereum and Solidity discussions.
*decentralized networks*, Decentralized networks increase security. GPT-4 and blockchain-specific AI models can provide insights.
*model fine-tuning*, Model fine-tuning improves AI performance. GPT-4 and Llama are useful for understanding fine-tuning techniques.
*transfer learning*, Transfer learning accelerates model training. GPT-4 and Claude offer strong transfer learning insights.
*zero-shot learning*, Zero-shot learning enables adaptability. GPT-4 and Llama can explain few-shot and zero-shot learning strategies.
*, I don't know how to respond to this message.
